Title,Note,URL,Tags,Comment
,,,,
74 Duke,,https://www.google.com/maps/place/74+Duke/data=!4m2!3m1!1s0x48760526ce597b17:0xd2dfb755ce76ac1a,,
Nina,,https://www.google.com/maps/place/Nina/data=!4m2!3m1!1s0x48761ad28c695555:0x30c4a34fa82b15de,,
Paulie's Shoreditch,,https://www.google.com/maps/place/Paulie's+Shoreditch/data=!4m2!3m1!1s0x48761d7c8a074f15:0x876d72c25e870332,,
Puffy,,https://www.google.com/maps/place/Puffy/data=!4m2!3m1!1s0x48760500279b90cb:0xbaaa282f716bf1b7,,
Dove Restaurant,,https://www.google.com/maps/place/Dove+Restaurant/data=!4m2!3m1!1s0x4876118aacddb611:0x12530b5e47bc4324,,
Heist Bank,,https://www.google.com/maps/place/Heist+Bank/data=!4m2!3m1!1s0x48761ab23fb82b9d:0x37a776cbee19b92f,,
Two Twins Tacos,,https://www.google.com/maps/place/Two+Twins+Tacos/data=!4m2!3m1!1s0x487605000d34ea0f:0x37f0aee3e92fe39f,,
Maureen's Brixton Kitchen,,https://www.google.com/maps/place/Maureen's+Brixton+Kitchen/data=!4m2!3m1!1s0x487605003241bfc7:0xe96b7238438b197b,,
Hongdae Pocha,,https://www.google.com/maps/place/Hongdae+Pocha/data=!4m2!3m1!1s0x487604d2ed63dadd:0x34681d8dccc8062a,,
DOPI ÎèÑÌîºÏÜå,,https://www.google.com/maps/place/DOPI+%EB%8F%84%ED%94%BC%EC%86%8C/data=!4m2!3m1!1s0x48761d0062ac6cc9:0x898c3f5c99a81468,,
The Shacklewell Arms,,https://www.google.com/maps/place/The+Shacklewell+Arms/data=!4m2!3m1!1s0x48761c8b5aa624ab:0xcada1dd9d30176d9,,
Windmill Brixton,,https://www.google.com/maps/place/Windmill+Brixton/data=!4m2!3m1!1s0x4876044739d5699d:0x4f199c0a15062a0b,,
Hermanos Colombian Coffee Roasters ‚Äì The Loom,Coffee/coworking,https://www.google.com/maps/place/Hermanos+Colombian+Coffee+Roasters+%E2%80%93+The+Loom/data=!4m2!3m1!1s0x4876031082482b21:0x299b8aa33c0b153a,,
Afghan Kitchen,,https://www.google.com/maps/place/Afghan+Kitchen/data=!4m2!3m1!1s0x48761b5d7f949f69:0x8c807fd2c7bbfea1,,
My Old Dutch,Pancakes / milkshakes ,https://www.google.com/maps/place/My+Old+Dutch/data=!4m2!3m1!1s0x48761b348aa40c7f:0xf78ee0a2ec43d9e7,,
Soutine,,https://www.google.com/maps/place/Soutine/data=!4m2!3m1!1s0x48761b8f911a8af9:0x1e39425a9938a476,,
68 Kestrel House,ur listening to the streets ,https://www.google.com/maps/place/68+Kestrel+House/data=!4m2!3m1!1s0x48761b71ff1e7da3:0x86cac762ab33eebb,,
Banh Mi Keu Deli Borough,,https://www.google.com/maps/place/Banh+Mi+Keu+Deli+Borough/data=!4m2!3m1!1s0x4876031327e41e73:0x6d35601df8bbd4fa,,
B√°nh M√¨ H·ªôi-An - Vietnamese Street Food in London,,https://www.google.com/maps/place/B%C3%A1nh+M%C3%AC+H%E1%BB%99i-An+-+Vietnamese+Street+Food+in+London/data=!4m2!3m1!1s0x48761cfad2fd91ed:0x50e90d46d3b2a4be,,
L√≤ B√°nh M√¨,,https://www.google.com/maps/place/L%C3%B2+B%C3%A1nh+M%C3%AC/data=!4m2!3m1!1s0x487604a72c3ae909:0x3ed30b765c5470e8,,
Helen's Kitchen,,https://www.google.com/maps/place/Helen's+Kitchen/data=!4m2!3m1!1s0x48761772bf454c4b:0xc39bcd1fc03f9077,,
Mirza Biryani,,https://www.google.com/maps/place/Mirza+Biryani/data=!4m2!3m1!1s0x4876113100542d49:0xe0af537b653d492a,,
D GRANDE,,https://www.google.com/maps/place/D+GRANDE/data=!4m2!3m1!1s0x48760f892cb22d35:0x50103964f9c85efe,,
Kudasai London,,https://www.google.com/maps/place/Kudasai+London/data=!4m2!3m1!1s0x487605b468226e13:0xdb337ed68fc6075f,,
La Delizia 1986,,https://www.google.com/maps/place/La+Delizia+1986/data=!4m2!3m1!1s0x4876056cfd2ac03b:0x8520ebe362fde14b,,
Kristina Records,,https://www.google.com/maps/place/Kristina+Records/data=!4m2!3m1!1s0x48761d432c66cdf7:0x1b17ba1c46ee2b8e,,
Lucky's Hot Chicken | Seven Dials Market,,https://www.google.com/maps/place/Lucky's+Hot+Chicken+%7C+Seven+Dials+Market/data=!4m2!3m1!1s0x487605b7e4761955:0x7606341dd66b5253,,
Rock Steady Eddie's London,,https://www.google.com/maps/place/Rock+Steady+Eddie's+London/data=!4m2!3m1!1s0x487603800ebe622b:0x9163fd0525a4b39,,
Liu Xiaomian Carnaby,,https://www.google.com/maps/place/Liu+Xiaomian+Carnaby/data=!4m2!3m1!1s0x487605d80f15e151:0xcfa831df9cd44c01,,
Yaay Yaay,Thai restaurant. good kra pow,https://www.google.com/maps/place/Yaay+Yaay/data=!4m2!3m1!1s0x4876059ad7322e1b:0x21edfaed916cc9ad,,
SMOKESTAK,beef brisket / bbq,https://www.google.com/maps/place/SMOKESTAK/data=!4m2!3m1!1s0x48761d337cd558a1:0xf287ce328572d76f,,
Big Bowl Noodle Bar,,https://www.google.com/maps/place/Big+Bowl+Noodle+Bar/data=!4m2!3m1!1s0x48761b002c2b8e81:0x2813a658d7ba0a19,,
Cafe OTO,,https://www.google.com/maps/place/Cafe+OTO/data=!4m2!3m1!1s0x48761c8d8cf69e4f:0xc8cae5601942a67b,,
Tianjin Dumpling,,https://www.google.com/maps/place/Tianjin+Dumpling/data=!4m2!3m1!1s0x4876036f0e47996b:0x9ac82f49f964d711,,
The Spurstowe Arms,,https://www.google.com/maps/place/The+Spurstowe+Arms/data=!4m2!3m1!1s0x487606f76b898add:0x23f4eb01ef8cd953,,
Analogue Films,,https://www.google.com/maps/place/Analogue+Films/data=!4m2!3m1!1s0x48761d8b193c601b:0x16c63be388af4abd,,
"The Coach & Horses, Soho",,"https://www.google.com/maps/place/The+Coach+%26+Horses,+Soho/data=!4m2!3m1!1s0x47d89fcf1fb2c173:0xb76daebd5aa1b5ca",,
Ar√¥me Bakery - Mercer Street,,https://www.google.com/maps/place/Ar%C3%B4me+Bakery+-+Mercer+Street/data=!4m2!3m1!1s0x487605719f608ced:0xec1dc6070e8efe52,,
Badiani Gelato Covent Garden,,https://www.google.com/maps/place/Badiani+Gelato+Covent+Garden/data=!4m2!3m1!1s0x4876051244226439:0xbba454c0467673c3,,
Lahpet Shoreditch,,https://www.google.com/maps/place/Lahpet+Shoreditch/data=!4m2!3m1!1s0x48761ce62794bf39:0x9e788c3bd403aef2,,
Hanbury Hall Coworking,,https://www.google.com/maps/place/Hanbury+Hall+Coworking/data=!4m2!3m1!1s0x48761cb4342bf4dd:0x13759abc8a1fd67,,
Khao Bird,,https://www.google.com/maps/place/Khao+Bird/data=!4m2!3m1!1s0x48760391ae49db51:0x5a0d5dc122b6d970,,
OMA,,https://www.google.com/maps/place/OMA/data=!4m2!3m1!1s0x487603999336cae1:0xc90fb04e06d5a838,,
Cured,,https://www.google.com/maps/place/Cured/data=!4m2!3m1!1s0x48761b9a0755ca5b:0xa5f85cb9c0087324,,
"Koh-I-Noor Palace, London",,"https://www.google.com/maps/place/Koh-I-Noor+Palace,+London/data=!4m2!3m1!1s0x487611099954ba93:0x5645f5b034110e6c",,
WatchHouse Hampstead Heath,,https://www.google.com/maps/place/WatchHouse+Hampstead+Heath/data=!4m2!3m1!1s0x48761bbd6beaa533:0xb9a7db41f2e82369,,
Cafe Chaiwala Arshad Khan,,https://www.google.com/maps/place/Cafe+Chaiwala+Arshad+Khan/data=!4m2!3m1!1s0x47d8a75c789a3225:0xd10bf1ecda48abe1,,
Gymkhana,,https://www.google.com/maps/place/Gymkhana/data=!4m2!3m1!1s0x48760529e6f909b7:0xcd2c9e853caef302,,
Arcola Theatre,,https://www.google.com/maps/place/Arcola+Theatre/data=!4m2!3m1!1s0x48761c8b86cb18b1:0x4cfbf0cfea0102a5,,
Ninety One Living Room,,https://www.google.com/maps/place/Ninety+One+Living+Room/data=!4m2!3m1!1s0x48761cb66990d719:0x9f2f6670df5f0338,,
Kiss the Hippo Coffee Fitzrovia Corner,,https://www.google.com/maps/place/Kiss+the+Hippo+Coffee+Fitzrovia+Corner/data=!4m2!3m1!1s0x48761b921445dd0b:0xd9c6b2075325419e,,
The Dusty Knuckle Bakery,,https://www.google.com/maps/place/The+Dusty+Knuckle+Bakery/data=!4m2!3m1!1s0x48761c8dee275939:0x40791652767d2607,,
EtnaCoffee,,https://www.google.com/maps/place/EtnaCoffee/data=!4m2!3m1!1s0x48761acc3568a887:0xd532768aefad53d2,,
Dave's Hot Chicken,,https://www.google.com/maps/place/Dave's+Hot+Chicken/data=!4m2!3m1!1s0x4876059658cf5ecd:0x994eafd218344832,,
01 Adana Restaurant,,https://www.google.com/maps/place/01+Adana+Restaurant/data=!4m2!3m1!1s0x48761c86bd41919b:0x9f390ed569cb732f,,
The Best Turkish Kebab,,https://www.google.com/maps/place/The+Best+Turkish+Kebab/data=!4m2!3m1!1s0x48761c8a6b99f473:0x8a44cb7ae9bb2409,,
BKC - Biryani Kebab Chai - Soho,,https://www.google.com/maps/place/BKC+-+Biryani+Kebab+Chai+-+Soho/data=!4m2!3m1!1s0x487604d2970b9751:0x3334681a7f8bdd0c,,
Labour and Wait,,https://www.google.com/maps/place/Labour+and+Wait/data=!4m2!3m1!1s0x48761cb79af93cdb:0xc91c6aeec478eb2f,,
Morleys Fried Chicken Southwark,,https://www.google.com/maps/place/Morleys+Fried+Chicken+Southwark/data=!4m2!3m1!1s0x4876035eee6edb5b:0x25339931481f4deb,,
Pho Ta Vietnamese Finchley Road,,https://www.google.com/maps/place/Pho+Ta+Vietnamese+Finchley+Road/data=!4m2!3m1!1s0x48761b5fada51855:0xbbcd7cad352a0021,,
Burger and Beyond Shoreditch,,https://www.google.com/maps/place/Burger+and+Beyond+Shoreditch/data=!4m2!3m1!1s0x48761dbed0d2784d:0xdd1ddc46604d29d9,,
Joyau,,https://www.google.com/maps/place/Joyau/data=!4m2!3m1!1s0x47d8a78d3e13553d:0x8d66fb0ed1a835b4,,
Hector's,,https://www.google.com/maps/place/Hector's/data=!4m2!3m1!1s0x48761d4b96169589:0xc1a643c98be5b1a7,,
Miga,,https://www.google.com/maps/place/Miga/data=!4m2!3m1!1s0x48761d00378845b5:0xa11dc3975c479366,,
Passione Vino,,https://www.google.com/maps/place/Passione+Vino/data=!4m2!3m1!1s0x48761caff003d959:0xeb2f32a7b9228ad7,,
manteca,,https://www.google.com/maps/place/manteca/data=!4m2!3m1!1s0x487605af3a2cdb1b:0xa231cb4af8b93b19,,
Toulouse Lautrec,Jazz restaurant,https://www.google.com/maps/place/Toulouse+Lautrec/data=!4m2!3m1!1s0x48760499b271cdb5:0xb161db3dd73b885b,,
Wright Brothers Battersea Power Station,¬£1 oysters at certain times ,https://www.google.com/maps/place/Wright+Brothers+Battersea+Power+Station/data=!4m2!3m1!1s0x4876050354a4a9b5:0x26f3fc2195d25ae0,,
Brilliant Corners,,https://www.google.com/maps/place/Brilliant+Corners/data=!4m2!3m1!1s0x48761c93d08f9a1b:0xb19fa8dd3a12ae54,,
The Fiddler's Elbow - Music Venue,,https://www.google.com/maps/place/The+Fiddler's+Elbow+-+Music+Venue/data=!4m2!3m1!1s0x48761ae5311342dd:0xac27640be53e5f98,,
Vinyl Pimp (Appointment Only),,https://www.google.com/maps/place/Vinyl+Pimp+(Appointment+Only)/data=!4m2!3m1!1s0x48761d12fe34556f:0x54832bc2f04a3176,,
Portena Shop,Steak sandwich ,https://www.google.com/maps/place/Portena+Shop/data=!4m2!3m1!1s0x48760343f1ec1411:0x55341e9b00e63210,,
The Untitled Sandwich Shop,,https://www.google.com/maps/place/The+Untitled+Sandwich+Shop/data=!4m2!3m1!1s0x4876038b1696fec3:0x13e2e3869cb30732,,
Italo,,https://www.google.com/maps/place/Italo/data=!4m2!3m1!1s0x487604ed9fd2877b:0x4998b1e56982cc49,,
Fernando's,,https://www.google.com/maps/place/Fernando's/data=!4m2!3m1!1s0x487604cdc883df13:0x47eb91a5e5401abb,,
Dal Fiorentino Hoxton,,https://www.google.com/maps/place/Dal+Fiorentino+Hoxton/data=!4m2!3m1!1s0x48761ddeaef125d5:0x6edc22f98306485b,,
Francesco‚Äôs Chicken,,https://www.google.com/maps/place/Francesco%E2%80%99s+Chicken/data=!4m2!3m1!1s0x48760329e276fefb:0xd6acc8cef91f651d,,
Cut The Mustard,,https://www.google.com/maps/place/Cut+The+Mustard/data=!4m2!3m1!1s0x487607c83a08aafb:0xb5a53c470ca1322a,,
Gerry's Hot Subs,,https://www.google.com/maps/place/Gerry's+Hot+Subs/data=!4m2!3m1!1s0x48760fc7678893dd:0xf9f070d23facadfc,,
Dino's Deli,sandwiches ,https://www.google.com/maps/place/Dino's+Deli/data=!4m2!3m1!1s0x48761b2fb4c397db:0x570692ccb64167aa,,
Pachamama East,,https://www.google.com/maps/place/Pachamama+East/data=!4m2!3m1!1s0x48761caffe695555:0x4c787e25d8bb928b,,
Bad Moon Cafe,,https://www.google.com/maps/place/Bad+Moon+Cafe/data=!4m2!3m1!1s0x48760382043a0291:0x4238b26a11a81e4e,,
FreePlayCity,,https://www.google.com/maps/place/FreePlayCity/data=!4m2!3m1!1s0x48761d1e6d63bbfb:0xdb74b725a9bac293,,
The Fellow,,https://www.google.com/maps/place/The+Fellow/data=!4m2!3m1!1s0x48761b3eb1364ea3:0xa82346e8b3694381,,
DUCKSOUP,,https://www.google.com/maps/place/DUCKSOUP/data=!4m2!3m1!1s0x487604d31e133b33:0x63e1f809f021c29d,,
The Blackfriar,,https://www.google.com/maps/place/The+Blackfriar/data=!4m2!3m1!1s0x487604a57e5bab29:0x158016f71c08680e,,
Starlane Pizza Bar,,https://www.google.com/maps/place/Starlane+Pizza+Bar/data=!4m2!3m1!1s0x47d8a74df0727e8f:0xa75f62ad9801735b,,
Mc & Sons,pub and Thai food,https://www.google.com/maps/place/Mc+%26+Sons/data=!4m2!3m1!1s0x487604a5fd52c641:0xd7b4af5823c83b6a,,
Maramia Cafe,,https://www.google.com/maps/place/Maramia+Cafe/data=!4m2!3m1!1s0x4876101909ea531d:0x912c5ed42a7cf4a9,,
Bankrupt Store,,https://www.google.com/maps/place/Bankrupt+Store/data=!4m2!3m1!1s0x48761df7730920ef:0x220bdc879d3b7e4d,,
Mambow,,https://www.google.com/maps/place/Mambow/data=!4m2!3m1!1s0x48761d861b1591c9:0xc148016c44c9b85,,
BeauBeaus,chess club tuesdays,https://www.google.com/maps/place/BeauBeaus/data=!4m2!3m1!1s0x48761d53f6368bb5:0xf6587f9ccefd1891,,
Lucia's,,https://www.google.com/maps/place/Lucia's/data=!4m2!3m1!1s0x48761d002ec82b4d:0x81d6277e7d23c0bb,,
Conservatory Archives Lower Clapton Road,,https://www.google.com/maps/place/Conservatory+Archives+Lower+Clapton+Road/data=!4m2!3m1!1s0x48761d458317ca0b:0x5e52c73fb1b2d605,,
Atlantis Records Hackney,,https://www.google.com/maps/place/Atlantis+Records+Hackney/data=!4m2!3m1!1s0x48761cfbced4826f:0xffe1b2de87816f96,,
92 White Post Ln,Vintage shop sat and sun,https://www.google.com/maps/place/92+White+Post+Ln/data=!4m2!3m1!1s0x48761d6cb827ed15:0x6e97e6afd636f997,,
Troy Bar,,https://www.google.com/maps/place/Troy+Bar/data=!4m2!3m1!1s0x48761cbafb2bb617:0x9e31108a024f015c,,
Smokey Jerkey,,https://www.google.com/maps/place/Smokey+Jerkey/data=!4m2!3m1!1s0x487603002bdb27ad:0xfdccc676e51deb28,,
La Barra,Colombian fried chicken,https://www.google.com/maps/place/La+Barra/data=!4m2!3m1!1s0x487605e57d2602b3:0xa44526367779a76a,,
Barra10,,https://www.google.com/maps/place/Barra10/data=!4m2!3m1!1s0x48760788465e2067:0xb9ae243b7f5d4fab,,
The Kati Roll Company,,https://www.google.com/maps/place/The+Kati+Roll+Company/data=!4m2!3m1!1s0x48761dd924add63d:0xf6a8cd8542c01051,,
Oi spaghetti + tiramis√π,secret sauce,https://www.google.com/maps/place/Oi+spaghetti+%2B+tiramis%C3%B9/data=!4m2!3m1!1s0x487603a11a35f38f:0x550498d91f7330a7,,
Plates Restaurant & Food Studio,Walked by it looks cool,https://www.google.com/maps/place/Plates+Restaurant+%26+Food+Studio/data=!4m2!3m1!1s0x48761cbbf41345f1:0x48c4a56577289c52,,
The Phoenix,gloomy night first Saturday of the month ,https://www.google.com/maps/place/The+Phoenix/data=!4m2!3m1!1s0x48761ad52179b1a3:0x1d78c7ec6f1dfb95,,
Lyaness,cocktail bar,https://www.google.com/maps/place/Lyaness/data=!4m2!3m1!1s0x487604b1c39362e5:0xf055a5e68f221c46,,
Katzenjammers,Bavarian pub,https://www.google.com/maps/place/Katzenjammers/data=!4m2!3m1!1s0x48760357826bd677:0x6959653234dafc6d,,
Swift Borough,Irish coffee,https://www.google.com/maps/place/Swift+Borough/data=!4m2!3m1!1s0x487603c2912774f7:0x4ea110ab16c44a41,,
Swift Shoreditch,,https://www.google.com/maps/place/Swift+Shoreditch/data=!4m2!3m1!1s0x48761d99787c80a7:0xe724fcf30809a0b0,,
The Boot & Flogger,Pub,https://www.google.com/maps/place/The+Boot+%26+Flogger/data=!4m2!3m1!1s0x487603580139b089:0x391ec406cfe7bce6,,
Tap & Bottle,Wine bar,https://www.google.com/maps/place/Tap+%26+Bottle/data=!4m2!3m1!1s0x487604a7e52ef97f:0xc21e4c5707363e1,,
The Kati Roll Company,,https://www.google.com/maps/place/The+Kati+Roll+Company/data=!4m2!3m1!1s0x48761b2b2da52baf:0xe357ecbb841b341b,,
Dr Vinyl,,https://www.google.com/maps/place/Dr+Vinyl/data=!4m2!3m1!1s0x487607f9e09ada4d:0x8948eb61643e4935,,
Cafe Compose,Egg drop,https://www.google.com/maps/place/Cafe+Compose/data=!4m2!3m1!1s0x48760522874efc29:0x62e5ea873462fbb1,,
Blacklock Soho,,https://www.google.com/maps/place/Blacklock+Soho/data=!4m2!3m1!1s0x487604d386103039:0x43d15166fe8299f5,,
Paul Rothe & Son,,https://www.google.com/maps/place/Paul+Rothe+%26+Son/data=!4m2!3m1!1s0x48761ad2ee16db9f:0xef6fc3d29e5179aa,,
La Maritxu London - Basque Cheesecake,,https://www.google.com/maps/place/La+Maritxu+London+-+Basque+Cheesecake/data=!4m2!3m1!1s0x48760fa21eb93a8d:0x3db06836ac7fbc8a,,
Tongue & Brisket,,https://www.google.com/maps/place/Tongue+%26+Brisket/data=!4m2!3m1!1s0x48761b2b5aace245:0x2b42815531ddcc58,,
Mare Street Market,,https://www.google.com/maps/place/Mare+Street+Market/data=!4m2!3m1!1s0x48761ce7b898fdcb:0xb8989a8137f5b23c,,
Normah's,,https://www.google.com/maps/place/Normah's/data=!4m2!3m1!1s0x48760555f2eacba5:0xb6707bd1d7209ca8,,
Casse-Cro√ªte,,https://www.google.com/maps/place/Casse-Cro%C3%BBte/data=!4m2!3m1!1s0x48760344c9ebedab:0xf189302af7c29a49,,
The Social,,https://www.google.com/maps/place/The+Social/data=!4m2!3m1!1s0x48761b2a8052c641:0x515cb2929e132ff7,,
Sushi Masa,,https://www.google.com/maps/place/Sushi+Masa/data=!4m2!3m1!1s0x4876105a8d31c22d:0xa8e7b66b597189b8,,
Med Salleh Kopitiam,,https://www.google.com/maps/place/Med+Salleh+Kopitiam/data=!4m2!3m1!1s0x487605001cf5b3fb:0xa7e43400b7f1fb7a,,
Kolae,,https://www.google.com/maps/place/Kolae/data=!4m2!3m1!1s0x487603353370066b:0xc8030aeb7f27624e,,
Scootercaffe,,https://www.google.com/maps/place/Scootercaffe/data=!4m2!3m1!1s0x487604b922e54e83:0x64ac5690587af59a,,
The Thin White Duke,Dim sum and cocktails ,https://www.google.com/maps/place/The+Thin+White+Duke/data=!4m2!3m1!1s0x487605069b22ecb3:0x9bf88e8800f99637,,
Satay Street Caf√©,,https://www.google.com/maps/place/Satay+Street+Caf%C3%A9/data=!4m2!3m1!1s0x48761cb495706bd1:0x4b4a6b559c58e45e,,
Ginger & White,,https://www.google.com/maps/place/Ginger+%26+White/data=!4m2!3m1!1s0x48761a87ea69cf61:0x7df713880525921,,
Sushi Tetsu,,https://www.google.com/maps/place/Sushi+Tetsu/data=!4m2!3m1!1s0x48761b08895deba1:0x850cd63a6754748f,,
The Araki,,https://www.google.com/maps/place/The+Araki/data=!4m2!3m1!1s0x487604d58592666b:0x747345910d199aad,,
Dim Sum Duck,,https://www.google.com/maps/place/Dim+Sum+Duck/data=!4m2!3m1!1s0x48761be1179256fd:0xa1bb73561ea41cce,,
The Glitch,,https://www.google.com/maps/place/The+Glitch/data=!4m2!3m1!1s0x487605fe3122121d:0xd93f3bbb89fc929e,,
The Gentlemen Baristas London Bridge,,https://www.google.com/maps/place/The+Gentlemen+Baristas+London+Bridge/data=!4m2!3m1!1s0x487603ce7b5d288b:0x7e68200403f0453e,,
Lantana London Bridge,,https://www.google.com/maps/place/Lantana+London+Bridge/data=!4m2!3m1!1s0x487604a80380efed:0x915259048468303b,,
Maida,indo chinese,https://www.google.com/maps/place/Maida/data=!4m2!3m1!1s0x48760304dfeb1f45:0xf15218ad247b57ee,,
Below Stone Nest,,https://www.google.com/maps/place/Below+Stone+Nest/data=!4m2!3m1!1s0x487604d282b0a0d5:0x683c8a0922fb01d4,,
The Albion,,https://www.google.com/maps/place/The+Albion/data=!4m2!3m1!1s0x48761b6911b4c509:0xab9ed93d1f561344,,
The Scolt Head,Pub garden,https://www.google.com/maps/place/The+Scolt+Head/data=!4m2!3m1!1s0x48761c909a936dbd:0x25780105113aaac2,,
Caia,,https://www.google.com/maps/place/Caia/data=!4m2!3m1!1s0x48761132664cfafd:0x11a460d5cd3fa789,,
Brewhouse & Kitchen - Hoxton,,https://www.google.com/maps/place/Brewhouse+%26+Kitchen+-+Hoxton/data=!4m2!3m1!1s0x48761d8b7a805159:0x630b16797cefcb83,,
The Crown and Shuttle,,https://www.google.com/maps/place/The+Crown+and+Shuttle/data=!4m2!3m1!1s0x48761cba6c5d324f:0xb7498edf62ad6e7f,,
Juju's Bar and Stage,,https://www.google.com/maps/place/Juju's+Bar+and+Stage/data=!4m2!3m1!1s0x48761cb6622a03e5:0xbccbb5d2b7d7ef24,,
Provisions Holloway,Wine n cheese,https://www.google.com/maps/place/Provisions+Holloway/data=!4m2!3m1!1s0x48761b0aa95ac36b:0x40ee35ff5f0c5a39,,
Rogue Sarnies,,https://www.google.com/maps/place/Rogue+Sarnies/data=!4m2!3m1!1s0x48761dd58f566d3f:0x86b4c72a8ecca9,,
T √ì U,,https://www.google.com/maps/place/T+%C3%93+U/data=!4m2!3m1!1s0x48761bf28deffeaf:0x42c225706d6dd7f8,,
Three Colts Tavern,,https://www.google.com/maps/place/Three+Colts+Tavern/data=!4m2!3m1!1s0x48761d49dfc6ea77:0x73cb9210c8c84091,,
The Rising Sun Mill Hill,,https://www.google.com/maps/place/The+Rising+Sun+Mill+Hill/data=!4m2!3m1!1s0x487616e38907d807:0xeb49ad425fd4fe4e,,
Ewarts Jerk,Jerk chicken,https://www.google.com/maps/place/Ewarts+Jerk/data=!4m2!3m1!1s0x48761c8e7fb6e913:0xbca91c29c0f99ecc,,
Total Refreshment Centre,,https://www.google.com/maps/place/Total+Refreshment+Centre/data=!4m2!3m1!1s0x48761c8aeb8c7acf:0xc48e326a772abf80,,
Flashback Records,,https://www.google.com/maps/place/Flashback+Records/data=!4m2!3m1!1s0x48761b6733546a0b:0x119b3652449f5180,,
Flashback Records,,https://www.google.com/maps/place/Flashback+Records/data=!4m2!3m1!1s0x48761cb7f0d6ed8b:0x1ad08e1aa910a8aa,,
Chick and Beers (Coombe Road),,https://www.google.com/maps/place/Chick+and+Beers+(Coombe+Road)/data=!4m2!3m1!1s0x487609caea37b41b:0xa0ebb95a23abee73,,
Kadiri's,,https://www.google.com/maps/place/Kadiri's/data=!4m2!3m1!1s0x4876105035519de3:0x7c2fb001354471e5,,
Fuckoffee,cafe/coworking,https://www.google.com/maps/place/Fuckoffee/data=!4m2!3m1!1s0x48760344a7759805:0x2ee204ed5a783bb9,,
Origin Coffee (Scoresby Street),cafe/ coworking,https://www.google.com/maps/place/Origin+Coffee+(Scoresby+Street)/data=!4m2!3m1!1s0x487605a5bbb206db:0xa9cfc05c4670e898,,
Berenjak Soho,,https://www.google.com/maps/place/Berenjak+Soho/data=!4m2!3m1!1s0x48760533134b669b:0xbc560d9169dcb066,,
The Lost Jungle,,https://www.google.com/maps/place/The+Lost+Jungle/data=!4m2!3m1!1s0x48761424f5f43333:0x80fe989624a41009,,
Singapulah London,,https://www.google.com/maps/place/Singapulah+London/data=!4m2!3m1!1s0x487605d3ce6233c1:0xa04ed47794d7150b,,
Crunch,,https://www.google.com/maps/place/Crunch/data=!4m2!3m1!1s0x48761d548abe60a7:0x8106f3857733dd62,,
"Ember Locke, Kensington",Co-working,"https://www.google.com/maps/place/Ember+Locke,+Kensington/data=!4m2!3m1!1s0x48760f674a575d2f:0xf5f092f4b9b35b12",,
Draughts - Waterloo,,https://www.google.com/maps/place/Draughts+-+Waterloo/data=!4m2!3m1!1s0x48760594be41b149:0xa07d60a560bdbd10,,
White Cube,Art gallery,https://www.google.com/maps/place/White+Cube/data=!4m2!3m1!1s0x48761cbac5a723d9:0xd3e31c1c29116ac6,,
Kin + Deum,,https://www.google.com/maps/place/Kin+%2B+Deum/data=!4m2!3m1!1s0x487603034b3ddfad:0x653ddeebee85775b,,
Lo's Noodle London Ltd,,https://www.google.com/maps/place/Lo's+Noodle+London+Ltd/data=!4m2!3m1!1s0x487604d252bf86b9:0x395c9ec6441966bc,,
180 Studios,,https://www.google.com/maps/place/180+Studios/data=!4m2!3m1!1s0x487604b5a9c25e45:0x34a63d13bf45b3d3,,
Speedboat Bar,,https://www.google.com/maps/place/Speedboat+Bar/data=!4m2!3m1!1s0x4876051f87c57f6d:0x143aa6800cc5376d,,
Addie's Thai Restaurant,,https://www.google.com/maps/place/Addie's+Thai+Restaurant/data=!4m2!3m1!1s0x48760f8cb33b702f:0xa3b508d84c754ee,,
Plaza Khao Gaeng,,https://www.google.com/maps/place/Plaza+Khao+Gaeng/data=!4m2!3m1!1s0x48761b23caad0bbd:0xf6221b6764aed81f,,
Santo Remedio Mexican Caf√©,,https://www.google.com/maps/place/Santo+Remedio+Mexican+Caf%C3%A9/data=!4m2!3m1!1s0x48761dbeae2a8d27:0x4ee8d061ac8ddab7,,
Violet Cakes,American style cakes and pastries,https://www.google.com/maps/place/Violet+Cakes/data=!4m2!3m1!1s0x48761cede637de39:0xa132cd648e549b7d,,
Flour & Grape,Italian. Carbonara is great,https://www.google.com/maps/place/Flour+%26+Grape/data=!4m2!3m1!1s0x487603434620f617:0xb0ee169a6f854bc2,,
Fred Coffee London,Tiramisu latte,https://www.google.com/maps/place/Fred+Coffee+London/data=!4m2!3m1!1s0x48761b737b610321:0x14e8632291cba04c,,
The Tamil Crown,,https://www.google.com/maps/place/The+Tamil+Crown/data=!4m2!3m1!1s0x48761b274ef04cc5:0x3b89f9854e659957,,
The Ginger Pig,sausage rolls,https://www.google.com/maps/place/The+Ginger+Pig/data=!4m2!3m1!1s0x487604a873ad51bb:0x7aa6af8fe1fea33c,,
The Black Pig,,https://www.google.com/maps/place/The+Black+Pig/data=!4m2!3m1!1s0x4876039113c17bf5:0xb40a389666e3e295,,
Berenjak Borough,,https://www.google.com/maps/place/Berenjak+Borough/data=!4m2!3m1!1s0x487603d0d6ba7b55:0x2abd7b6dfca08660,,
Santo Remedio - Cocina Mexicana,Mexican,https://www.google.com/maps/place/Santo+Remedio+-+Cocina+Mexicana/data=!4m2!3m1!1s0x48761ca552d1539d:0xdec3cea69b1ab870,,
"""mu""",Japanese bar / restaurant,https://www.google.com/maps/place/%22mu%22/data=!4m2!3m1!1s0x48761db487301e21:0x9677392c5f0f06ae,,
50 Kal√≤ di Ciro Salvo Pizzeria London,Pizza,https://www.google.com/maps/place/50+Kal%C3%B2+di+Ciro+Salvo+Pizzeria+London/data=!4m2!3m1!1s0x487605752288afef:0x9ad14700d0feb1e5,,
Vasiniko,Pizza,https://www.google.com/maps/place/Vasiniko/data=!4m2!3m1!1s0x487605e6eb06de9d:0xcd1c4bf9f77cbe95,,
Anglo,Testing menu,https://www.google.com/maps/place/Anglo/data=!4m2!3m1!1s0x48761b4e84cd8631:0xbddb252ebf696f30,,
Flamingo,Ethiopian food,https://www.google.com/maps/place/Flamingo/data=!4m2!3m1!1s0x48760fcf941319b3:0x50073a745d5487a7,,
The Tamil Prince,Desi pub,https://www.google.com/maps/place/The+Tamil+Prince/data=!4m2!3m1!1s0x48761b989b8de07f:0x8c379846d4899f33,,
Trishna,Fancy Indian. Tasting menu,https://www.google.com/maps/place/Trishna/data=!4m2!3m1!1s0x48761acd88e1f1f1:0xf096d5143e46dce5,,
Norman's Cafe,Breakfast / Sandwiches,https://www.google.com/maps/place/Norman's+Cafe/data=!4m2!3m1!1s0x48761b1f9ae0359f:0xa774452c291a3a37,,
Blue Moon Thai Cafe,Thai,https://www.google.com/maps/place/Blue+Moon+Thai+Cafe/data=!4m2!3m1!1s0x48761b0065d88039:0x3281a95212f843e8,,
Bubala Spitalfields,,https://www.google.com/maps/place/Bubala+Spitalfields/data=!4m2!3m1!1s0x48761d3cd1ff434b:0x7572634fe11aabec,,
Theo's,,https://www.google.com/maps/place/Theo's/data=!4m2!3m1!1s0x487605767781eb9d:0x69a1a8cf49713baa,,
L'Antica Pizzeria da Michele,,https://www.google.com/maps/place/L'Antica+Pizzeria+da+Michele/data=!4m2!3m1!1s0x48761aced7722add:0x229ee7467eb2d385,,
081 Pizzeria Peckham,,https://www.google.com/maps/place/081+Pizzeria+Peckham/data=!4m2!3m1!1s0x4876039c486cc82f:0x12fbc443890515a7,,
The Best Broasted,,https://www.google.com/maps/place/The+Best+Broasted/data=!4m2!3m1!1s0x4876118ec54cfe1f:0x94e912c7575af42e,,
Passyunk Avenue (Waterloo),philly cheesesteak,https://www.google.com/maps/place/Passyunk+Avenue+(Waterloo)/data=!4m2!3m1!1s0x487605ed43a98c69:0x1e02f51be1eb0919,,
HOKO Hong Kong Cafe,Hong Kong style street food.,https://www.google.com/maps/place/HOKO+Hong+Kong+Cafe/data=!4m2!3m1!1s0x48761d225acdef79:0x878863b6f393e990,,
Bad Manners,Fire Mexican food,https://www.google.com/maps/place/Bad+Manners/data=!4m2!3m1!1s0x48761d856930f2bf:0xbe8227d6026fc5a7,,
Love Shack Cambridge Heath,cute cozy vegan restaurant good food. interesting cocktails too,https://www.google.com/maps/place/Love+Shack+Cambridge+Heath/data=!4m2!3m1!1s0x48761dcf480cc86f:0x9c814a2bbbe3c75a,,
E Pellicci,Local favorite. Great English breakfast. Also just vibes,https://www.google.com/maps/place/E+Pellicci/data=!4m2!3m1!1s0x48761cc5ebe9ec3d:0x9e5d80938bd1e5ef,,
Novelty Automation,Museum with goofy shit,https://www.google.com/maps/place/Novelty+Automation/data=!4m2!3m1!1s0x48761b4a1b788ba9:0xfe7dde7934bc7501,,
KISSATEN ìÉ¶ | FUYU ‚óí,the bubble tea place in soho,https://www.google.com/maps/place/KISSATEN+%F0%93%83%A6+%7C+FUYU+%E2%97%92/data=!4m2!3m1!1s0x487605ada5d64cf1:0x64c70310b62d3dfe,,
Kiln,Thai food. Gets busy. Chill place good food,https://www.google.com/maps/place/Kiln/data=!4m2!3m1!1s0x487604d46eeab9ff:0x327d3035b194d3b8,,
monaliciousfood,Fire Turkey bacon baguette,https://www.google.com/maps/place/monaliciousfood/data=!4m2!3m1!1s0x48761d341981fcf7:0x52778302d33d3244,,
Three Uncles,canto restaurant with really good roast meat,https://www.google.com/maps/place/Three+Uncles/data=!4m2!3m1!1s0x48761d06101872c9:0x902afc84ccf16c0a,,
Horizon 22,Viewpoint,https://www.google.com/maps/place/Horizon+22/data=!4m2!3m1!1s0x487603b5fb8b1701:0x2a47575cd35c544f,,
La Chingada Mexican Food,really good Mexican food,https://www.google.com/maps/place/La+Chingada+Mexican+Food/data=!4m2!3m1!1s0x487603e7797227b1:0x1f0cc03eb2b9ec85,,
Brockley's Rock,based fish n chips,https://www.google.com/maps/place/Brockley's+Rock/data=!4m2!3m1!1s0x48760245a1e334b3:0xb6f759af3ca36fb8,,
Planet Wax,Record store and bar,https://www.google.com/maps/place/Planet+Wax/data=!4m2!3m1!1s0x487603cb32835a4f:0x65d9d017450c0301,,
Jumbi,jerk chicken,https://www.google.com/maps/place/Jumbi/data=!4m2!3m1!1s0x48760332378a3441:0x5738130246f1218e,,
Scandinavian Kitchen,,https://www.google.com/maps/place/Scandinavian+Kitchen/data=!4m2!3m1!1s0x48761b2a753e9cdd:0xd857b59e1c603065,,
Benji's Buns,,https://www.google.com/maps/place/Benji's+Buns/data=!4m2!3m1!1s0x48760f2914d52355:0x58566ae2016b135d,,
Bl√•b√§r - Nordic Living,,https://www.google.com/maps/place/Bl%C3%A5b%C3%A4r+-+Nordic+Living/data=!4m2!3m1!1s0x48760f0dc5d999e5:0xc40fe7bca37f95e3,,
FourCorner St. John's Square,,https://www.google.com/maps/place/FourCorner+St.+John's+Square/data=!4m2!3m1!1s0x48761b97a1f05047:0x4d39b46f5c0cdeb8,,
Noci Shoreditch,Pasta ,https://www.google.com/maps/place/Noci+Shoreditch/data=!4m2!3m1!1s0x48761d82ae25e961:0x9e0a3fea8653cb79,,
Babinondas,,https://www.google.com/maps/place/Babinondas/data=!4m2!3m1!1s0x487619339353ea97:0xcd33e6460211770a,,
Andy‚Äôs Greek Taverna,,https://www.google.com/maps/place/Andy%E2%80%99s+Greek+Taverna/data=!4m2!3m1!1s0x48761b1fc4c32c47:0x9e6a34685177a48,,
Silo London,,https://www.google.com/maps/place/Silo+London/data=!4m2!3m1!1s0x48761d6cc2273237:0x5591d111b94dd4eb,,
Juliet‚Äôs Quality Foods,Brunch,https://www.google.com/maps/place/Juliet%E2%80%99s+Quality+Foods/data=!4m2!3m1!1s0x4876060ca7cc367d:0x6ce081d50f268226,,
Focaccia Mia,,https://www.google.com/maps/place/Focaccia+Mia/data=!4m2!3m1!1s0x48761dad603fcfa7:0x40ab5ce43f4cbc1a,,
Hunan,,https://www.google.com/maps/place/Hunan/data=!4m2!3m1!1s0x4876051762d93f03:0x673ab6e96cf5cdbe,,
Forbidden Planet London Megastore,,https://www.google.com/maps/place/Forbidden+Planet+London+Megastore/data=!4m2!3m1!1s0x48761b32cc1770b3:0x38c43399a7314d58,,
Strawberry Hill House & Garden,,https://www.google.com/maps/place/Strawberry+Hill+House+%26+Garden/data=!4m2!3m1!1s0x48760c8668644ed5:0x980edc109f035f5,,
Sushi On Jones,omakase,https://www.google.com/maps/place/Sushi+On+Jones/data=!4m2!3m1!1s0x48761be954dd5ffb:0xd07705a764c149a3,,
Buns From Home,,https://www.google.com/maps/place/Buns+From+Home/data=!4m2!3m1!1s0x4876055e4fe5f5cb:0xf444603ef4d3d517,,
The 411 London,,https://www.google.com/maps/place/The+411+London/data=!4m2!3m1!1s0x48761bcbbdf55763:0x27a43051a37c1d92,,
Shalamar Kebab House,,https://www.google.com/maps/place/Shalamar+Kebab+House/data=!4m2!3m1!1s0x48761ddf93d10bdb:0xba9ad4a9430fc0b2,,
Leather Lane Market,,https://www.google.com/maps/place/Leather+Lane+Market/data=!4m2!3m1!1s0x48761b4c27dcf1df:0x7e8c1fad22c0e859,,
"ICCO - ""The People's Pizzeria""",,https://www.google.com/maps/place/ICCO+-+%22The+People's+Pizzeria%22/data=!4m2!3m1!1s0x48761b2befd0a035:0x52ca535577a32e0f,,
Phonica Records,,https://www.google.com/maps/place/Phonica+Records/data=!4m2!3m1!1s0x487604d4c61847c5:0x3945e83a9e05698f,,
KINDRED,,https://www.google.com/maps/place/KINDRED/data=!4m2!3m1!1s0x48761b3a8eeb48cb:0x70d31a0ac00592f7,,
Giovannina,,https://www.google.com/maps/place/Giovannina/data=!4m2!3m1!1s0x487610dea841ff5f:0xa47b47c41ba2b1a7,,
A. Wong,,https://www.google.com/maps/place/A.+Wong/data=!4m2!3m1!1s0x487604e01d4a0891:0x6ff9ea674c340c6e,,
Angelina,,https://www.google.com/maps/place/Angelina/data=!4m2!3m1!1s0x48761c92a5f45931:0xa9ee78a8f57dff84,,
Drury 188-189,cute coffee place nice staff,https://www.google.com/maps/place/Drury+188-189/data=!4m2!3m1!1s0x48761b335cadcf35:0x7f5399cd5349bd2b,,
Dilara Uyghur Restaurant,lamb skewer is fire + known for big chicken plate,https://www.google.com/maps/place/Dilara+Uyghur+Restaurant/data=!4m2!3m1!1s0x48761b84f1335981:0x52325ec2a34ba815,,
Cafe Anglais,,https://www.google.com/maps/place/Cafe+Anglais/data=!4m2!3m1!1s0x4876113a74823a67:0x1b77f95228e1823a,,
KIN,,https://www.google.com/maps/place/KIN/data=!4m2!3m1!1s0x48761b4e05a07225:0x51df23c80a23070e,,
Esarn Kheaw,,https://www.google.com/maps/place/Esarn+Kheaw/data=!4m2!3m1!1s0x48760fd2564432a5:0x3306d991934cb1ec,,
God's Own Junkyard,,https://www.google.com/maps/place/God's+Own+Junkyard/data=!4m2!3m1!1s0x48761df17a05cc05:0x736b3c7749367c3c,,
Napoli on the Road Chiswick,,https://www.google.com/maps/place/Napoli+on+the+Road+Chiswick/data=!4m2!3m1!1s0x48760f950ced1ba5:0x7d822731123fe241,,
Tate Britain,,https://www.google.com/maps/place/Tate+Britain/data=!4m2!3m1!1s0x487604e9c5c268bd:0xf51fd991541028a0,,
Kastner & Ovens,Lunch/Salad bar,https://www.google.com/maps/place/Kastner+%26+Ovens/data=!4m2!3m1!1s0x48761cb39eec328b:0xad688dbff32565d1,,
The Book Club,,https://www.google.com/maps/place/The+Book+Club/data=!4m2!3m1!1s0x48761cb0109a888f:0xa753c6448671ab7d,,
"The Hoxton, Shoreditch",Bar/coworking,"https://www.google.com/maps/place/The+Hoxton,+Shoreditch/data=!4m2!3m1!1s0x48761caff8e68d27:0x142290afec91a1d7",,
DF Tacos - Shoreditch,,https://www.google.com/maps/place/DF+Tacos+-+Shoreditch/data=!4m2!3m1!1s0x48761cb68265746b:0xb26a7be54e92ad2f,,
Skylight Tobacco Dock,,https://www.google.com/maps/place/Skylight+Tobacco+Dock/data=!4m2!3m1!1s0x48760331935aeebb:0x80e93a23c836f6f3,,
Bang Bang Oriental Foodhall,,https://www.google.com/maps/place/Bang+Bang+Oriental+Foodhall/data=!4m2!3m1!1s0x48761149e2555555:0x37bd9c588894d04f,,
Bombay Chow,,https://www.google.com/maps/place/Bombay+Chow/data=!4m2!3m1!1s0x487613c5e737c7cd:0x9bc9b908d042bd27,,
Royal Nawaab Perivale,,https://www.google.com/maps/place/Royal+Nawaab+Perivale/data=!4m2!3m1!1s0x48761267bc9cecbf:0x18d70a62ce4449f5,,
Aladin Kebabish,,https://www.google.com/maps/place/Aladin+Kebabish/data=!4m2!3m1!1s0x4876111f7b03778d:0xf3a6c1a7f528fcc7,,
Vortex,,https://www.google.com/maps/place/Vortex/data=!4m2!3m1!1s0x48761c8e78862171:0xfa77e8ec77734cb9,,
Draughts,,https://www.google.com/maps/place/Draughts/data=!4m2!3m1!1s0x48761c95e42101ab:0xce14210622cfe2e9,,
Servant Jazz Quarters,,https://www.google.com/maps/place/Servant+Jazz+Quarters/data=!4m2!3m1!1s0x48761c8e79b95dad:0x9ee2f38a7807f69a,,
Spicy Grill London,,https://www.google.com/maps/place/Spicy+Grill+London/data=!4m2!3m1!1s0x487610975d938aff:0xa3ac27076eb6590f,,
Carmelli Bakeries,,https://www.google.com/maps/place/Carmelli+Bakeries/data=!4m2!3m1!1s0x487610976783c57f:0xb1284d47dad4c84d,,
Sunny Hill Cafe,,https://www.google.com/maps/place/Sunny+Hill+Cafe/data=!4m2!3m1!1s0x487610d3600d6c39:0xae289927f13965ed,,
Le Gavroche,,https://www.google.com/maps/place/Le+Gavroche/data=!4m2!3m1!1s0x48760454dfb7f8ed:0xc81d8b3fcda009ba,,
Lina Stores Marylebone Restaurant & Deli,,https://www.google.com/maps/place/Lina+Stores+Marylebone+Restaurant+%26+Deli/data=!4m2!3m1!1s0x48761b14337c3b0f:0xb30d0680b43a0510,,
Flat Iron Marylebone,,https://www.google.com/maps/place/Flat+Iron+Marylebone/data=!4m2!3m1!1s0x48761bf8def1df2b:0x9c01601551f4bfa0,,
Daunt Books Marylebone,,https://www.google.com/maps/place/Daunt+Books+Marylebone/data=!4m2!3m1!1s0x48761ad1f747024d:0xe690429c82b85882,,
The SeaShell of Lisson Grove,,https://www.google.com/maps/place/The+SeaShell+of+Lisson+Grove/data=!4m2!3m1!1s0x48761ab634dcba67:0xee42a0b10152c1f4,,
Eggslut Portobello,,https://www.google.com/maps/place/Eggslut+Portobello/data=!4m2!3m1!1s0x4876110bcd5c34c3:0x47961891b23af8d7,,
"The Churchill Arms, Kensington",,"https://www.google.com/maps/place/The+Churchill+Arms,+Kensington/data=!4m2!3m1!1s0x48760ffa31d53019:0x379aa0d23b50cf3a",,
BAO Soho,,https://www.google.com/maps/place/BAO+Soho/data=!4m2!3m1!1s0x487604d4932fcec5:0xecf6cfbf979a9d8c,,
Hobson`s Fish & Chips Soho,,https://www.google.com/maps/place/Hobson%60s+Fish+%26+Chips+Soho/data=!4m2!3m1!1s0x487605a8bc8cc531:0xf9cefbc341b9333,,
Boom Battle Bar Oxford Street,,https://www.google.com/maps/place/Boom+Battle+Bar+Oxford+Street/data=!4m2!3m1!1s0x48761b4ffa8696bb:0x2c59eeea8397ee51,,
Fabrique Bakery Hoxton,,https://www.google.com/maps/place/Fabrique+Bakery+Hoxton/data=!4m2!3m1!1s0x48761cbebd55d781:0xf2797818b76e4a10,,
The Minories,,https://www.google.com/maps/place/The+Minories/data=!4m2!3m1!1s0x4876034bc3ea40af:0x9bf4764b56e766c9,,
Granary Square,Chess Wed 6:30-9,https://www.google.com/maps/place/Granary+Square/data=!4m2!3m1!1s0x48761b3d9035396b:0x87d7405a11148df9,,
130 Druid St,Chess Sunday @1,https://www.google.com/maps/place/130+Druid+St/data=!4m2!3m1!1s0x48760340d9ea15ed:0x105bd5bf746d885d,,
The Prince,,https://www.google.com/maps/place/The+Prince/data=!4m2!3m1!1s0x48760f8e5e5daaab:0x19db171a1e6d82a,,
Accessories of Old vintage,,https://www.google.com/maps/place/Accessories+of+Old+vintage/data=!4m2!3m1!1s0x48760fcdcf42a305:0x152c73237fc6a144,,
Caldera,,https://www.google.com/maps/place/Caldera/data=!4m2!3m1!1s0x48761d29231e7223:0x68ee65d2b1759df7,,
Sonora Taquer√≠a,,https://www.google.com/maps/place/Sonora+Taquer%C3%ADa/data=!4m2!3m1!1s0x48761d110b9a03af:0xac6de93953781e10,,
Mestizo Mexican Restaurant,,https://www.google.com/maps/place/Mestizo+Mexican+Restaurant/data=!4m2!3m1!1s0x48761b27a577882f:0x2f6367bc67104dfa,,
The Golden Hind Restaurant Marylebone - Fish & Chips,,https://www.google.com/maps/place/The+Golden+Hind+Restaurant+Marylebone+-+Fish+%26+Chips/data=!4m2!3m1!1s0x48761ad25c5cd431:0x78d2fb9bbd82fd6c,,
St. JOHN Marylebone,,https://www.google.com/maps/place/St.+JOHN+Marylebone/data=!4m2!3m1!1s0x48761ad2581a451d:0x896180205e1c755a,,
Le Relais de Venise L'Entrecote - Marylebone,,https://www.google.com/maps/place/Le+Relais+de+Venise+L'Entrecote+-+Marylebone/data=!4m2!3m1!1s0x48761ad25ccf0563:0xd075b919c46aa086,,
Royal China (Baker Street),,https://www.google.com/maps/place/Royal+China+(Baker+Street)/data=!4m2!3m1!1s0x48761acdaae4c891:0xd78a9e321cbc2a27,,
Leake St,,https://www.google.com/maps/place/Leake+St/data=!4m2!3m1!1s0x487604b8f9b59b95:0x7698f65db7b7ee00,,
Assa,,https://www.google.com/maps/place/Assa/data=!4m2!3m1!1s0x487604d2f0ee1719:0x629b895c9dfa35b2,,
Mercato Mayfair,,https://www.google.com/maps/place/Mercato+Mayfair/data=!4m2!3m1!1s0x48760509d1f4d6b7:0xeb4ea82d4f8172d1,,
Delfino Mayfair,,https://www.google.com/maps/place/Delfino+Mayfair/data=!4m2!3m1!1s0x4876052c221ccc15:0xff0684e6a1019801,,
CheeMc Soho,,https://www.google.com/maps/place/CheeMc+Soho/data=!4m2!3m1!1s0x4876055596d75b99:0x8113e804ebf12e95,,
Xi'an BiangBiang Noodles Aldgate East,,https://www.google.com/maps/place/Xi'an+BiangBiang+Noodles+Aldgate+East/data=!4m2!3m1!1s0x48761d514b73d01d:0x1c4cf00d0485c353,,
Detroit Pizza London,,https://www.google.com/maps/place/Detroit+Pizza+London/data=!4m2!3m1!1s0x487605dd74cb8b89:0xc9e6b7837e5f317,,
som saa,,https://www.google.com/maps/place/som+saa/data=!4m2!3m1!1s0x48761cb4fea7bca1:0x59471e1837364e13,,
Street Food market,,https://www.google.com/maps/place/Street+Food+market/data=!4m2!3m1!1s0x48761cb495a596c5:0xbf3de5f7433f2c4e,,
Sixes Social Cricket,,https://www.google.com/maps/place/Sixes+Social+Cricket/data=!4m2!3m1!1s0x48761b2fdafda191:0x4c19c3ec3da8b4c,,
Hawksmoor Spitalfields,,https://www.google.com/maps/place/Hawksmoor+Spitalfields/data=!4m2!3m1!1s0x48761d848275da21:0x67f0dd1c9d3cc8aa,,
Eggslut Fitzrovia,,https://www.google.com/maps/place/Eggslut+Fitzrovia/data=!4m2!3m1!1s0x48761b7175bc7341:0x38bc1df2fb82436,,
Beigel Bake Brick Lane Bakery,,https://www.google.com/maps/place/Beigel+Bake+Brick+Lane+Bakery/data=!4m2!3m1!1s0x48761dad861a488d:0xc9e1e09acd76b50c,,
Roti King,,https://www.google.com/maps/place/Roti+King/data=!4m2!3m1!1s0x48761b24f66e14b5:0x8cb1681d0d23dfaa,,
Kanada-Ya,,https://www.google.com/maps/place/Kanada-Ya/data=!4m2!3m1!1s0x48761b32c8a422bd:0xa6d8ce5d74f6042d,,
Park Chinois,,https://www.google.com/maps/place/Park+Chinois/data=!4m2!3m1!1s0x487605299c2a86bd:0xcb64e906dae89aa4,,
Din Tai Fung Covent Garden,,https://www.google.com/maps/place/Din+Tai+Fung+Covent+Garden/data=!4m2!3m1!1s0x487605f3a435ca19:0x8a24b2122cc98b05,,
Yauatcha Soho,,https://www.google.com/maps/place/Yauatcha+Soho/data=!4m2!3m1!1s0x487604d49f0af085:0xb09e9b5b88831204,,
The Jago,,https://www.google.com/maps/place/The+Jago/data=!4m2!3m1!1s0x48761d62a5f49d47:0x5c6840f7209e7afc,,
Dalston Jazz Bar,,https://www.google.com/maps/place/Dalston+Jazz+Bar/data=!4m2!3m1!1s0x48761c8dd7c2fe1f:0xf0517c36fecc7844,,
Ain't Nothin But The Blues Bar,,https://www.google.com/maps/place/Ain't+Nothin+But+The+Blues+Bar/data=!4m2!3m1!1s0x487604d573254029:0x2d85374816cfc9a5,,
The Four Thieves,pub/arcade,https://www.google.com/maps/place/The+Four+Thieves/data=!4m2!3m1!1s0x487605a2ecf42011:0x5d6a50fa4e69fe1,,
East West,desi fusion pizza,https://www.google.com/maps/place/East+West/data=!4m2!3m1!1s0x48761b819f4ed34b:0xb7c16867f51b82de,,
Toff‚Äôs of Muswell Hill,Fish n chips,https://www.google.com/maps/place/Toff%E2%80%99s+of+Muswell+Hill/data=!4m2!3m1!1s0x48761a2d0dd13beb:0x8286af8d34e44ba9,,
London Silver Vaults,,https://www.google.com/maps/place/London+Silver+Vaults/data=!4m2!3m1!1s0x48761b4b75144a91:0x6a203e6c0c5080de,,
Sir John Soane's Museum,,https://www.google.com/maps/place/Sir+John+Soane's+Museum/data=!4m2!3m1!1s0x48761b4a94370469:0xdb8be3c9759aab99,,
St Dunstan in the East Church Garden,,https://www.google.com/maps/place/St+Dunstan+in+the+East+Church+Garden/data=!4m2!3m1!1s0x48760351ff31196f:0xbd3d6d2fb43ff52d,,
Cafebotanical.,,https://www.google.com/maps/place/Cafebotanical./data=!4m2!3m1!1s0x48761b87b8bcedb3:0xb7260982822f6ead,,
PARADISE BIRYANI POINTE,,https://www.google.com/maps/place/PARADISE+BIRYANI+POINTE/data=!4m2!3m1!1s0x47d8a73cf0c36c4b:0x9c8fe996306f0ad2,,
Lahore Karahi,,https://www.google.com/maps/place/Lahore+Karahi/data=!4m2!3m1!1s0x48760727cb2c835f:0x5b904862ce929991,,
Curry Express,Biryani,https://www.google.com/maps/place/Curry+Express/data=!4m2!3m1!1s0x48760d209cdd6e17:0x3f110a045734240b,,
The Pilgrm Hotel Restaurant and Bar Paddington,co-working,https://www.google.com/maps/place/The+Pilgrm+Hotel+Restaurant+and+Bar+Paddington/data=!4m2!3m1!1s0x48761ab2c44c1001:0xcc4f2bfcc16ca8f9,,
The Thirsty Bear,,https://www.google.com/maps/place/The+Thirsty+Bear/data=!4m2!3m1!1s0x487604b1accafb21:0xd7ba688a24cd486a,,
Palm Vaults London,,https://www.google.com/maps/place/Palm+Vaults+London/data=!4m2!3m1!1s0x48761cfb1b487895:0x48cce9f649542a7c,,
Burr & Co. London,,https://www.google.com/maps/place/Burr+%26+Co.+London/data=!4m2!3m1!1s0x48761b311e852a5b:0x3fabf9ba7af6ec97,,
Footnote,Cafe/work,https://www.google.com/maps/place/Footnote/data=!4m2!3m1!1s0x48761cdde84679bf:0xbbd3c72fa755b363,,
Rapsa @ 100 Hoxton,,https://www.google.com/maps/place/Rapsa+@+100+Hoxton/data=!4m2!3m1!1s0x48761df1c27280af:0xa103f137897bd9d8,,
S√¥ng Qu√™ Caf√©,,https://www.google.com/maps/place/S%C3%B4ng+Qu%C3%AA+Caf%C3%A9/data=!4m2!3m1!1s0x48761cbc0438b9c9:0x7edee4831872da94,,
Tasty Jerk,,https://www.google.com/maps/place/Tasty+Jerk/data=!4m2!3m1!1s0x4876012e1fad87d3:0xedbed2dcd8a98415,,
Lahore Kebab House,,https://www.google.com/maps/place/Lahore+Kebab+House/data=!4m2!3m1!1s0x4876033335f03d43:0x736fe70b7dd62462,,
Homies On Donkeys,,https://www.google.com/maps/place/Homies+On+Donkeys/data=!4m2!3m1!1s0x48761df75ecb0bf5:0x259e4fc188e744fb,,
Yildiz Restaurant,,https://www.google.com/maps/place/Yildiz+Restaurant/data=!4m2!3m1!1s0x48761b814171cd97:0xefc4e3660560929,,
SET Social,,https://www.google.com/maps/place/SET+Social/data=!4m2!3m1!1s0x487603a3b9cba3bf:0x34f5a086edbb1f5d,,
Zia Lucia - Aldgate East,,https://www.google.com/maps/place/Zia+Lucia+-+Aldgate+East/data=!4m2!3m1!1s0x48760334649e4647:0x235435c4cab81999,,
TRADER Wembley,,https://www.google.com/maps/place/TRADER+Wembley/data=!4m2!3m1!1s0x487613f964e7aafb:0x2547d0aeb54c0d88,,
Pidgin,,https://www.google.com/maps/place/Pidgin/data=!4m2!3m1!1s0x48761cefcf4bc58b:0x1ec4eeea88cb4597,,
Nest Restaurant Hackney,,https://www.google.com/maps/place/Nest+Restaurant+Hackney/data=!4m2!3m1!1s0x48761cfd4e96a9df:0xda1a389f3dcebee5,,
Fallow,,https://www.google.com/maps/place/Fallow/data=!4m2!3m1!1s0x487604d595786349:0x26d4df293937aa1a,,
Seed Library,,https://www.google.com/maps/place/Seed+Library/data=!4m2!3m1!1s0x48761d98f1354c2b:0xe67193b548ce8441,,
The Bar with No Name,,https://www.google.com/maps/place/The+Bar+with+No+Name/data=!4m2!3m1!1s0x48761b675c5e41d7:0x591ee070694047bc,,
Cahoots London,,https://www.google.com/maps/place/Cahoots+London/data=!4m2!3m1!1s0x487604d507ab69fb:0xbbfbc270f421a878,,
Trisha's,,https://www.google.com/maps/place/Trisha's/data=!4m2!3m1!1s0x487604d2ce3046f5:0x77800717cee037a,,
